{
  "total_samples": 3289,
  "correct_predictions": 2,
  "partial_predictions": 598,
  "accuracy": 0.0006080875646093037,
  "partial_accuracy": 0.18242626938279113
}