{"metrics": {
    "word_accuracy": 0.3134020618556701,
    "strict_word_accuracy": 0.29896907216494845
  }}